OrderID,OrderDate,City,ProductCategory,Quantity,UnitPrice,DiscountPercent,PaymentMode,CustomerAge,CustomerRating,SalesAmount,DeliveryCost,TotalRevenue
ORD1000,2025-04-13,Delhi,Sports,7,11995.42,,UPI,25,4.7,74395.59,443.29,74838.88
ORD1001,2025-06-29,Lucknow,Books,2,1252.76,5.9,UPI,25,3.9,2357.69,410.13,2767.82
ORD1002,2025-04-03,Hyderabad,Sports,7,21327.01,14.4,UPI,62,2.6,127791.44,348.26,128139.7
ORD1003,2025-01-15,Ahmedabad,Groceries,2,1030.25,5.8,UPI,29,1.6,1940.99,323.76,2264.75
ORD1004,2025-04-17,Delhi,Beauty,7,8326.93,5.0,UPI,50,,55374.08,178.78,55552.86
ORD1005,2025-03-13,Bengaluru,Furniture,1,23300.0,18.5,Credit Card,62,4.3,18989.5,413.71,19403.21
ORD1006,2025-01-21,Pune,Books,7,18420.03,15.7,Credit Card,43,3.9,108696.6,265.71,108962.31
ORD1007,2025-04-13,Mumbai,Groceries,5,7142.57,20.1,Cash on Delivery,56,2.1,28534.57,63.32,28597.89
ORD1008,2025-05-02,Mumbai,Groceries,3,6428.33,27.9,Credit Card,45,2.6,13904.48,177.05,14081.53
ORD1009,2025-03-16,Lucknow,Electronics,5,276.29,16.0,Net Banking,22,1.4,1160.42,469.59,1630.01
ORD1010,2025-03-29,Pune,Sports,3,17438.5,17.4,UPI,25,1.8,43212.6,429.82,43642.42
ORD1011,2025-04-27,Mumbai,Clothing,4,1362.27,2.7,UPI,42,4.1,5301.95,491.5,5793.45
ORD1012,2025-04-10,Bengaluru,Toys,5,13385.17,21.5,Net Banking,44,3.9,52536.79,325.16,52861.95
ORD1013,2025-04-14,Hyderabad,Clothing,4,24058.73,12.0,UPI,63,3.4,84686.73,146.33,84833.06
ORD1014,2025-06-01,Kolkata,Books,2,2870.3,29.3,Credit Card,40,4.6,4058.6,106.52,4165.12
ORD1015,2025-05-11,Delhi,Beauty,2,22377.83,24.7,Debit Card,47,3.3,33701.01,117.85,33818.86
ORD1016,2025-05-30,Delhi,Clothing,1,24788.16,15.7,Debit Card,62,2.9,20896.42,39.3,20935.72
ORD1017,2025-02-22,Mumbai,Furniture,7,1678.7,3.7,UPI,64,2.4,11316.12,213.62,11529.74
ORD1018,2025-01-02,Bengaluru,Clothing,5,22090.22,25.8,UPI,40,4.8,81954.72,119.97,82074.69
ORD1019,2025-03-29,Pune,Books,4,12974.56,24.0,Debit Card,64,1.3,39442.66,223.48,39666.14
ORD1020,2025-06-07,Mumbai,Toys,3,22676.87,5.5,UPI,37,4.7,64288.93,469.45,64758.38
ORD1021,2025-02-07,Jaipur,Clothing,2,14347.28,8.9,Debit Card,35,4.3,26140.74,232.35,26373.09
ORD1022,2025-05-10,Hyderabad,Furniture,7,16603.48,23.8,Net Banking,35,1.5,88562.96,442.65,89005.61
ORD1023,2025-01-21,Delhi,Electronics,2,13662.91,5.6,Cash on Delivery,19,3.3,25795.57,314.59,26110.16
ORD1024,2025-06-10,Mumbai,Beauty,3,21632.65,27.5,UPI,21,4.5,47051.01,146.15,47197.16
ORD1025,2025-02-27,Delhi,Books,7,18387.66,12.7,Net Banking,47,3.3,112366.99,197.25,112564.24
ORD1026,2025-01-22,Jaipur,Electronics,7,13103.32,2.6,Credit Card,50,4.6,89338.44,69.44,89407.88
ORD1027,2025-03-30,Chennai,Electronics,4,21723.8,24.5,Credit Card,53,4.8,65605.88,186.73,65792.61
ORD1028,2025-02-18,Hyderabad,Electronics,4,6245.35,11.2,UPI,35,2.7,22183.48,348.44,22531.92
ORD1029,2025-02-28,Pune,Groceries,5,4059.92,15.8,Net Banking,54,2.5,17092.26,63.89,17156.15
ORD1030,2025-06-19,Hyderabad,Beauty,5,4135.94,3.4,UPI,36,4.7,19976.59,126.54,20103.13
ORD1031,2025-01-15,Kolkata,Toys,6,8450.12,0.1,Credit Card,64,3.7,50650.02,209.28,50859.3
ORD1032,2025-06-24,Mumbai,Sports,6,6081.45,19.1,UPI,45,1.5,29519.36,491.56,30010.92
ORD1033,2025-02-20,Chennai,Beauty,1,23262.75,,Net Banking,57,1.2,19657.02,398.89,20055.91
ORD1034,2025-04-18,Mumbai,Groceries,2,2779.98,17.8,Net Banking,37,3.3,4570.29,374.74,4945.03
ORD1035,2025-02-24,Mumbai,Sports,5,17519.92,,Net Banking,50,4.7,66750.9,84.61,66835.51
ORD1036,2025-03-05,Bengaluru,Beauty,4,4852.16,19.4,UPI,29,4.4,15643.36,397.07,16040.43
ORD1037,2025-05-11,Mumbai,Electronics,3,22058.68,5.2,UPI,32,3.7,62734.89,399.08,63133.97
ORD1038,2025-02-20,Mumbai,Books,4,24038.68,10.8,Debit Card,58,1.6,85770.01,312.52,86082.53
ORD1039,2025-05-15,Bengaluru,Sports,2,11716.93,27.2,Credit Card,56,2.0,17059.85,495.47,17555.32
ORD1040,2025-01-21,Lucknow,Furniture,6,21994.93,23.1,UPI,19,4.5,101484.61,182.87,101667.48
ORD1041,2025-03-14,Delhi,Furniture,4,277.86,16.7,Debit Card,46,1.7,925.83,472.4,1398.23
ORD1042,2025-06-16,Mumbai,Clothing,1,20525.68,7.7,Cash on Delivery,58,2.1,18945.2,459.92,19405.12
ORD1043,2025-01-18,Kolkata,Sports,2,5831.34,9.1,Net Banking,27,1.5,10601.38,35.4,10636.78
ORD1044,2025-05-12,Kolkata,Books,6,22731.23,22.0,Net Banking,19,3.7,106382.16,241.55,106623.71
ORD1045,2025-03-30,Bengaluru,Toys,3,177.83,25.5,Cash on Delivery,28,4.8,397.45,489.24,886.69
ORD1046,2025-03-01,Hyderabad,Groceries,6,13971.12,20.1,UPI,30,2.1,66977.55,78.47,67056.02
ORD1047,2025-01-14,Pune,Electronics,7,18952.4,24.3,Debit Card,27,2.9,100428.77,287.46,100716.23
ORD1048,2025-01-09,Mumbai,Clothing,1,6578.41,23.0,Cash on Delivery,31,3.5,5065.38,490.11,5555.49
ORD1049,2025-03-31,Jaipur,Furniture,2,4949.35,4.5,UPI,35,5.0,9453.26,291.08,9744.34
ORD1050,2025-02-22,Ahmedabad,Groceries,3,2239.84,12.7,Net Banking,26,1.4,5866.14,119.21,5985.35
ORD1051,2025-05-10,Delhi,Groceries,1,8261.87,4.6,Debit Card,56,3.0,7881.82,303.63,8185.45
ORD1052,2025-03-25,Mumbai,Electronics,6,14062.13,7.1,Debit Card,45,2.5,78382.31,126.09,78508.4
ORD1053,2025-04-02,Jaipur,Toys,1,3028.72,26.1,Debit Card,20,4.5,2238.22,274.26,2512.48
ORD1054,2025-04-21,Hyderabad,Toys,2,9510.88,14.2,Cash on Delivery,37,2.9,16320.67,64.8,16385.47
ORD1055,2025-06-21,Hyderabad,Sports,5,375.45,16.1,Net Banking,23,1.4,1575.01,314.58,1889.59
ORD1056,2025-01-08,Pune,Furniture,1,20494.18,5.4,UPI,44,3.5,19387.49,272.89,19660.38
ORD1057,2025-06-24,Chennai,Toys,7,3341.95,9.4,Cash on Delivery,19,4.1,21194.65,377.88,21572.53
ORD1058,2025-02-04,Jaipur,Books,1,7191.07,6.9,UPI,46,1.0,6694.89,326.43,7021.32
ORD1059,2025-03-22,Jaipur,Toys,6,607.93,6.2,Credit Card,55,4.4,3421.43,288.31,3709.74
ORD1060,2025-06-13,Ahmedabad,Groceries,6,10891.18,19.1,Credit Card,20,1.7,52865.79,354.2,53219.99
ORD1061,2025-02-19,Chennai,Electronics,3,21027.02,7.7,Credit Card,33,3.2,58223.82,97.65,58321.47
ORD1062,2025-04-14,Kolkata,Books,6,9894.96,19.0,Credit Card,47,2.7,48089.51,309.82,48399.33
ORD1063,2025-05-12,Pune,Sports,4,4610.51,1.8,Cash on Delivery,57,3.9,18110.08,110.89,18220.97
ORD1064,2025-01-02,Chennai,Furniture,2,18879.42,4.3,Net Banking,19,2.5,36135.21,465.0,36600.21
ORD1065,2025-05-14,Mumbai,Sports,2,19751.85,8.2,Debit Card,34,,36264.4,62.12,36326.52
ORD1066,2025-02-23,Kolkata,Groceries,5,4467.77,17.9,UPI,58,3.9,18340.2,232.28,18572.48
ORD1067,2025-04-16,Ahmedabad,Books,5,19305.72,20.3,Cash on Delivery,29,3.6,76933.29,357.02,77290.31
ORD1068,2025-01-04,Chennai,Books,2,23690.35,13.3,Cash on Delivery,52,4.2,41079.07,245.27,41324.34
ORD1069,2025-02-23,Ahmedabad,Books,7,4284.48,13.4,Net Banking,60,4.0,25972.52,73.28,26045.8
ORD1070,2025-05-26,Pune,Groceries,5,19308.96,21.7,UPI,18,1.1,75594.58,290.09,75884.67
ORD1071,2025-02-13,Delhi,Groceries,3,17758.01,0.5,UPI,62,2.6,53007.66,331.57,53339.23
ORD1072,2025-06-11,Delhi,Sports,6,11918.31,10.2,UPI,32,4.7,64215.85,360.78,64576.63
ORD1073,2025-01-14,Delhi,Clothing,2,1589.32,24.6,UPI,43,1.5,2396.69,205.43,2602.12
ORD1074,2025-04-05,Bengaluru,Sports,5,2006.16,,Credit Card,54,3.9,8215.23,294.92,8510.15
ORD1075,2025-02-17,Mumbai,Furniture,2,21332.5,10.1,Cash on Delivery,38,4.9,38355.84,241.82,38597.66
ORD1076,2025-01-15,Chennai,Electronics,4,24755.19,27.2,Credit Card,48,1.2,72087.11,345.87,72432.98
ORD1077,2025-02-09,Bengaluru,Books,1,16949.9,23.2,UPI,42,3.7,13017.52,304.27,13321.79
ORD1078,2025-03-23,Pune,Clothing,6,11232.06,7.9,UPI,40,2.9,62068.36,277.11,62345.47
ORD1079,2025-04-21,Bengaluru,Electronics,2,16242.21,19.4,UPI,41,3.3,26182.44,147.28,26329.72
ORD1080,2025-02-22,Pune,Clothing,1,14920.74,17.9,UPI,55,1.3,12249.93,30.95,12280.88
ORD1081,2025-01-24,Bengaluru,Toys,5,9682.76,12.0,UPI,45,1.2,42604.14,111.82,42715.96
ORD1082,2025-06-03,Delhi,Toys,1,1780.81,11.0,UPI,38,3.7,1584.92,85.02,1669.94
ORD1083,2025-05-04,Hyderabad,Beauty,6,20564.6,10.3,Net Banking,60,4.3,110678.68,241.07,110919.75
ORD1084,2025-02-10,Pune,Toys,2,9390.06,18.5,Cash on Delivery,35,4.1,15305.8,317.76,15623.56
ORD1085,2025-06-06,Bengaluru,Sports,4,20496.82,13.3,Credit Card,53,3.2,71082.97,130.15,71213.12
ORD1086,2025-01-15,Jaipur,Toys,7,6424.84,25.0,Credit Card,52,1.4,33730.41,471.36,34201.77
ORD1087,2025-02-14,Mumbai,Groceries,5,175.58,20.1,Net Banking,62,3.8,701.44,33.14,734.58
ORD1088,2025-03-06,Bengaluru,Books,2,4099.62,2.1,UPI,26,2.0,8027.06,392.98,8420.04
ORD1089,2025-03-30,Lucknow,Sports,6,11793.2,19.2,UPI,55,4.6,57173.43,323.85,57497.28
ORD1090,2025-03-12,Chennai,Electronics,5,23615.95,8.1,Cash on Delivery,47,4.4,108515.29,205.57,108720.86
ORD1091,2025-01-09,Bengaluru,Beauty,3,2689.51,,UPI,61,,6632.33,53.73,6686.06
ORD1092,2025-03-29,Chennai,Beauty,1,21377.11,20.4,Debit Card,51,4.8,17016.18,324.92,17341.1
ORD1093,2025-05-09,Chennai,Beauty,7,13246.55,6.9,Debit Card,49,1.1,86327.77,211.24,86539.01
ORD1094,2025-05-16,Kolkata,Electronics,6,20674.13,13.7,UPI,20,3.9,107050.65,470.05,107520.7
ORD1095,2025-03-04,Mumbai,Electronics,3,7564.6,5.7,UPI,20,2.3,21400.25,284.74,21684.99
ORD1096,2025-05-19,Delhi,Electronics,2,21022.69,1.6,Net Banking,45,,41372.65,471.64,41844.29
ORD1097,2025-03-22,Chennai,Electronics,4,19354.65,11.4,UPI,61,2.1,68592.88,133.63,68726.51
ORD1098,2025-05-16,Ahmedabad,Beauty,5,5866.83,10.9,UPI,32,3.9,26136.73,371.09,26507.82
ORD1099,2025-06-12,Chennai,Beauty,1,3413.68,29.9,Net Banking,58,,2392.99,320.11,2713.1
ORD1100,2025-06-12,Delhi,Clothing,5,21721.15,13.4,Credit Card,40,1.2,94052.58,377.52,94430.1
ORD1101,2025-02-02,Pune,Sports,7,24086.43,10.0,UPI,57,2.6,151744.51,130.89,151875.4
ORD1102,2025-05-03,Kolkata,Books,2,927.86,17.4,Cash on Delivery,28,4.0,1532.82,342.55,1875.37
ORD1103,2025-01-05,Delhi,Toys,5,18322.06,2.7,Credit Card,49,2.8,89136.82,264.08,89400.9
ORD1104,2025-02-10,Bengaluru,Toys,1,22751.68,28.8,Net Banking,53,,16199.2,379.13,16578.33
ORD1105,2025-01-28,Hyderabad,Groceries,2,21455.4,19.0,Net Banking,50,1.9,34757.75,183.71,34941.46
ORD1106,2025-05-15,Hyderabad,Beauty,5,24118.33,22.6,Debit Card,41,1.5,93337.94,448.33,93786.27
ORD1107,2025-03-13,Bengaluru,Groceries,4,19038.34,5.1,Credit Card,56,4.4,72269.54,69.62,72339.16
ORD1108,2025-01-12,Delhi,Sports,6,11141.12,12.3,Cash on Delivery,51,3.3,58624.57,409.38,59033.95
ORD1109,2025-06-11,Mumbai,Sports,2,7902.01,12.7,UPI,45,1.3,13796.91,434.82,14231.73
ORD1110,2025-02-02,Mumbai,Groceries,6,8120.46,24.7,Net Banking,54,2.5,36688.24,414.11,37102.35
ORD1111,2025-02-17,Lucknow,Beauty,2,18151.9,0.0,UPI,24,2.5,36303.8,270.98,36574.78
ORD1112,2025-05-31,Ahmedabad,Groceries,4,18684.05,9.0,UPI,21,1.7,68009.94,236.04,68245.98
ORD1113,2025-03-03,Bengaluru,Toys,6,5128.92,29.4,UPI,54,2.7,21726.11,498.24,22224.35
ORD1114,2025-02-06,Lucknow,Clothing,3,21722.85,14.2,Cash on Delivery,18,2.3,55914.62,137.71,56052.33
ORD1115,2025-04-09,Pune,Toys,1,17915.86,11.5,Cash on Delivery,18,2.4,15855.54,287.03,16142.57
ORD1116,2025-06-21,Hyderabad,Furniture,3,14134.34,3.6,UPI,64,4.0,40876.51,345.22,41221.73
ORD1117,2025-04-14,Hyderabad,Beauty,5,11867.58,29.2,UPI,37,1.9,42011.23,359.41,42370.64
ORD1118,2025-02-04,Mumbai,Beauty,4,13649.34,0.6,Net Banking,36,3.6,54269.78,125.89,54395.67
ORD1119,2025-04-11,Mumbai,Books,3,4107.26,22.1,Credit Card,46,3.3,9598.67,337.38,9936.05
ORD1120,2025-06-24,Chennai,Electronics,2,5211.98,23.1,UPI,27,,8016.03,414.63,8430.66
ORD1121,2025-05-11,Chennai,Furniture,5,2415.44,7.3,Debit Card,35,3.7,11195.56,53.51,11249.07
ORD1122,2025-01-01,Delhi,Sports,5,3968.4,20.1,Credit Card,45,3.2,15853.76,458.42,16312.18
ORD1123,2025-01-05,Jaipur,Beauty,3,11424.29,2.8,Cash on Delivery,52,4.5,33313.23,43.87,33357.1
ORD1124,2025-05-22,Kolkata,Groceries,3,13329.31,7.7,UPI,60,3.7,36908.86,197.31,37106.17
ORD1125,2025-04-13,Mumbai,Furniture,4,593.87,23.6,Credit Card,64,3.2,1814.87,37.43,1852.3
ORD1126,2025-01-27,Jaipur,Books,1,19950.43,25.9,Credit Card,48,4.3,14783.27,66.26,14849.53
ORD1127,2025-05-17,Lucknow,Sports,3,7460.07,18.3,Net Banking,44,3.4,18284.63,458.25,18742.88
ORD1128,2025-01-15,Lucknow,Electronics,7,22809.13,15.2,Credit Card,28,2.2,135395.0,196.78,135591.78
ORD1129,2025-03-31,Mumbai,Electronics,3,24192.65,4.8,Debit Card,55,1.8,69094.21,229.64,69323.85
ORD1130,2025-02-11,Kolkata,Books,6,4758.65,1.9,UPI,22,1.6,28009.41,131.21,28140.62
ORD1131,2025-05-04,Chennai,Books,2,11633.12,3.5,Net Banking,25,4.6,22451.92,310.64,22762.56
ORD1132,2025-06-28,Pune,Groceries,7,180.61,6.8,Credit Card,51,3.8,1178.3,309.56,1487.86
ORD1133,2025-03-04,Lucknow,Beauty,7,15018.43,10.3,UPI,29,4.7,94300.72,204.93,94505.65
ORD1134,2025-04-06,Pune,Electronics,6,15241.57,11.4,Debit Card,55,3.4,81024.19,186.53,81210.72
ORD1135,2025-02-21,Ahmedabad,Sports,6,6301.37,10.4,UPI,18,2.9,33876.17,445.93,34322.1
ORD1136,2025-04-06,Ahmedabad,Furniture,5,14026.55,7.2,UPI,48,1.2,65083.19,210.14,65293.33
ORD1137,2025-05-12,Ahmedabad,Sports,1,5754.67,15.3,Cash on Delivery,21,3.7,4874.21,261.95,5136.16
ORD1138,2025-05-31,Bengaluru,Clothing,2,4146.51,24.8,Credit Card,62,3.3,6236.35,163.15,6399.5
ORD1139,2025-05-23,Delhi,Clothing,4,16340.26,8.4,Net Banking,22,5.0,59870.71,399.78,60270.49
ORD1140,2025-06-20,Bengaluru,Books,7,8249.25,28.3,UPI,47,2.0,41402.99,216.8,41619.79
ORD1141,2025-01-29,Jaipur,Groceries,4,14818.06,26.2,Net Banking,41,3.1,43742.91,271.4,44014.31
ORD1142,2025-02-05,Mumbai,Clothing,3,10916.18,4.9,UPI,20,3.6,31143.86,149.08,31292.94
ORD1143,2025-01-13,Hyderabad,Electronics,3,24611.13,23.6,Credit Card,28,3.6,56408.71,494.2,56902.91
ORD1144,2025-06-09,Delhi,Sports,4,3867.08,17.2,Cash on Delivery,62,3.2,12807.77,167.0,12974.77
ORD1145,2025-03-12,Chennai,Sports,3,11695.28,17.0,Net Banking,21,4.1,29121.25,392.25,29513.5
ORD1146,2025-03-27,Ahmedabad,Books,1,17059.35,11.7,Credit Card,43,1.8,15063.41,230.92,15294.33
ORD1147,2025-01-28,Ahmedabad,Beauty,6,9979.3,15.0,UPI,44,3.9,50894.43,126.92,51021.35
ORD1148,2025-03-07,Delhi,Beauty,3,24371.29,11.9,Cash on Delivery,63,3.5,64413.32,405.87,64819.19
ORD1149,2025-06-19,Jaipur,Furniture,5,18088.91,,Credit Card,60,4.6,75792.53,186.8,75979.33
ORD1150,2025-02-14,Chennai,Books,3,16476.05,18.8,Net Banking,44,4.4,40135.66,436.64,40572.3
ORD1151,2025-03-03,Bengaluru,Toys,2,18962.92,20.2,Net Banking,59,2.3,30264.82,460.17,30724.99
ORD1152,2025-05-14,Pune,Furniture,1,23823.32,16.0,UPI,23,2.1,20011.59,434.12,20445.71
ORD1153,2025-01-28,Hyderabad,Toys,2,22709.29,21.6,UPI,32,4.9,35608.17,46.45,35654.62
ORD1154,2025-01-28,Bengaluru,Beauty,2,18148.49,4.2,Debit Card,47,3.1,34772.51,400.07,35172.58
ORD1155,2025-04-18,Pune,Books,5,18766.67,6.4,UPI,59,4.6,87828.02,223.33,88051.35
ORD1156,2025-02-13,Delhi,Toys,1,3776.16,24.6,UPI,54,1.7,2847.22,440.65,3287.87
ORD1157,2025-03-25,Bengaluru,Books,1,2704.39,9.7,Cash on Delivery,54,3.6,2442.06,329.84,2771.9
ORD1158,2025-01-30,Hyderabad,Books,1,14336.98,0.7,Debit Card,59,4.2,14236.62,421.81,14658.43
ORD1159,2025-03-16,Delhi,Beauty,1,606.44,4.6,Net Banking,54,4.8,578.54,264.73,843.27
ORD1160,2025-05-08,Bengaluru,Furniture,1,12136.56,6.7,Debit Card,52,2.3,11323.41,281.46,11604.87
ORD1161,2025-04-02,Chennai,Furniture,5,5377.19,28.7,Debit Card,40,3.9,19169.68,97.86,19267.54
ORD1162,2025-05-09,Kolkata,Books,3,8748.51,17.2,UPI,23,3.2,21731.3,398.47,22129.77
ORD1163,2025-05-01,Kolkata,Clothing,2,19428.75,28.0,UPI,21,1.2,27977.4,227.11,28204.51
ORD1164,2025-01-27,Ahmedabad,Groceries,1,23539.75,17.3,UPI,35,3.8,19467.37,265.04,19732.41
ORD1165,2025-05-01,Kolkata,Beauty,7,1949.54,14.4,Credit Card,26,3.8,11681.64,399.0,12080.64
ORD1166,2025-04-26,Pune,Groceries,3,13425.92,9.4,Net Banking,46,4.7,36491.65,311.46,36803.11
ORD1167,2025-01-03,Delhi,Groceries,3,22080.96,18.2,Credit Card,30,3.0,54186.68,124.52,54311.2
ORD1168,2025-04-13,Bengaluru,Furniture,2,2200.34,4.2,Credit Card,64,1.9,4215.85,307.41,4523.26
ORD1169,2025-06-04,Hyderabad,Furniture,5,20639.17,26.9,Credit Card,34,1.2,75436.17,221.59,75657.76
ORD1170,2025-05-17,Mumbai,Clothing,4,9041.36,24.9,UPI,62,2.7,27160.25,250.68,27410.93
ORD1171,2025-03-03,Hyderabad,Groceries,4,8154.05,9.5,Credit Card,49,2.2,29517.66,43.31,29560.97
ORD1172,2025-06-14,Hyderabad,Groceries,3,24440.04,28.6,UPI,39,4.0,52350.57,128.71,52479.28
ORD1173,2025-02-20,Kolkata,Books,6,5141.35,24.8,UPI,21,2.4,23197.77,162.09,23359.86
ORD1174,2025-06-21,Lucknow,Furniture,6,17375.87,20.0,UPI,22,4.8,83404.18,365.09,83769.27
ORD1175,2025-06-01,Chennai,Groceries,2,20562.8,3.7,Credit Card,54,4.8,39603.95,35.4,39639.35
ORD1176,2025-02-28,Bengaluru,Sports,4,1173.41,14.3,Net Banking,58,3.5,4022.45,222.13,4244.58
ORD1177,2025-04-28,Mumbai,Clothing,3,16809.08,,UPI,30,4.7,42762.3,464.29,43226.59
ORD1178,2025-06-09,Jaipur,Toys,5,23796.02,7.0,UPI,51,4.0,110651.49,82.58,110734.07
ORD1179,2025-04-06,Jaipur,Sports,4,3236.87,2.4,Debit Card,62,3.2,12636.74,272.72,12909.46
ORD1180,2025-06-29,Delhi,Sports,3,22421.1,23.3,UPI,39,1.7,51590.95,399.67,51990.62
ORD1181,2025-04-23,Pune,Toys,3,14930.2,3.7,Cash on Delivery,40,2.8,43133.35,472.99,43606.34
ORD1182,2025-03-03,Mumbai,Beauty,1,15472.62,17.8,Credit Card,20,3.2,12718.49,380.99,13099.48
ORD1183,2025-02-21,Delhi,Beauty,5,15381.66,28.1,Credit Card,59,4.5,55297.07,368.67,55665.74
ORD1184,2025-01-12,Delhi,Clothing,1,7576.07,26.3,Debit Card,51,2.9,5583.56,418.45,6002.01
ORD1185,2025-02-08,Delhi,Sports,2,23389.77,8.3,UPI,49,4.6,42896.84,239.71,43136.55
ORD1186,2025-05-10,Lucknow,Groceries,1,23691.66,25.5,Debit Card,62,3.7,17650.29,408.75,18059.04
ORD1187,2025-05-11,Pune,Furniture,7,15688.82,0.0,Credit Card,38,1.5,109821.74,33.74,109855.48
ORD1188,2025-04-23,Bengaluru,Clothing,1,19618.05,0.5,Cash on Delivery,63,5.0,19519.96,464.54,19984.5
ORD1189,2025-04-11,Kolkata,Books,7,15364.61,18.1,UPI,61,3.1,88085.31,238.35,88323.66
ORD1190,2025-04-23,Jaipur,Toys,4,12187.3,10.9,Credit Card,38,2.6,43435.54,290.09,43725.63
ORD1191,2025-03-22,Lucknow,Sports,6,16571.38,11.6,Debit Card,61,3.6,87894.6,149.79,88044.39
ORD1192,2025-04-23,Mumbai,Clothing,3,13892.09,16.9,UPI,28,1.4,34632.98,378.99,35011.97
ORD1193,2025-01-02,Bengaluru,Electronics,7,14997.28,5.8,Credit Card,56,3.5,98892.06,66.02,98958.08
ORD1194,2025-05-10,Mumbai,Electronics,5,19628.24,6.4,Net Banking,21,3.0,91860.16,440.14,92300.3
ORD1195,2025-02-23,Bengaluru,Beauty,1,12100.46,14.5,Net Banking,18,2.6,10345.89,419.21,10765.1
ORD1196,2025-03-28,Delhi,Toys,7,1162.74,22.6,UPI,45,4.8,6299.73,131.55,6431.28
ORD1197,2025-05-09,Pune,Furniture,5,4225.39,18.6,Net Banking,41,3.1,17197.34,410.38,17607.72
ORD1198,2025-05-27,Bengaluru,Groceries,6,11049.39,8.9,Cash on Delivery,52,1.9,60395.97,399.59,60795.56
ORD1199,2025-05-06,Delhi,Furniture,6,18161.94,12.9,Cash on Delivery,30,2.8,94914.3,327.14,95241.44
ORD1200,2025-05-10,Delhi,Furniture,1,14892.97,5.1,UPI,64,4.7,14133.43,205.55,14338.98
ORD1201,2025-02-22,Bengaluru,Furniture,2,16309.81,,Net Banking,51,1.7,31901.99,157.6,32059.59
ORD1202,2025-06-21,Delhi,Toys,1,12060.08,23.5,UPI,28,1.9,9225.96,138.94,9364.9
ORD1203,2025-06-09,Hyderabad,Furniture,4,15451.19,8.0,Cash on Delivery,53,,56860.38,179.75,57040.13
ORD1204,2025-06-09,Mumbai,Books,7,8326.08,5.3,Credit Card,34,,55193.58,454.67,55648.25
ORD1205,2025-03-09,Delhi,Toys,3,11834.04,20.7,UPI,52,4.3,28153.18,66.49,28219.67
ORD1206,2025-05-03,Bengaluru,Books,2,18645.33,18.5,Net Banking,35,3.9,30391.89,419.57,30811.46
ORD1207,2025-05-25,Chennai,Toys,1,21815.04,19.0,UPI,57,2.4,17670.18,193.98,17864.16
ORD1208,2025-02-07,Delhi,Beauty,5,10926.34,6.9,Cash on Delivery,39,3.8,50862.11,275.15,51137.26
ORD1209,2025-01-24,Mumbai,Clothing,2,1234.99,7.0,Cash on Delivery,41,2.6,2297.08,403.41,2700.49
ORD1210,2025-03-10,Mumbai,Electronics,7,4167.56,6.6,Debit Card,36,4.8,27247.51,445.66,27693.17
ORD1211,2025-04-26,Jaipur,Furniture,2,668.4,,UPI,54,4.9,1267.29,192.05,1459.34
ORD1212,2025-04-08,Bengaluru,Beauty,7,16383.59,19.7,Debit Card,56,,92092.16,247.07,92339.23
ORD1213,2025-05-19,Chennai,Clothing,1,8408.02,25.4,UPI,38,4.4,6272.38,224.82,6497.2
ORD1214,2025-05-24,Jaipur,Electronics,7,13630.59,21.7,UPI,25,4.1,74709.26,36.23,74745.49
ORD1215,2025-04-07,Mumbai,Sports,2,12407.93,,Net Banking,45,2.2,18909.69,169.09,19078.78
ORD1216,2025-05-04,Ahmedabad,Groceries,5,2175.93,12.1,UPI,22,1.9,9563.21,245.82,9809.03
ORD1217,2025-03-11,Chennai,Books,6,10171.04,19.6,Credit Card,34,2.8,49065.1,223.21,49288.31
ORD1218,2025-04-03,Delhi,Sports,2,5630.94,10.6,Cash on Delivery,54,4.1,10068.12,369.31,10437.43
ORD1219,2025-01-03,Bengaluru,Toys,7,10547.23,15.8,UPI,53,,62165.37,210.86,62376.23
ORD1220,2025-05-28,Kolkata,Electronics,6,5208.92,,UPI,36,4.1,26753.01,260.01,27013.02
ORD1221,2025-06-13,Hyderabad,Sports,7,21035.24,5.3,Cash on Delivery,44,4.4,139442.61,231.92,139674.53
ORD1222,2025-05-27,Lucknow,Groceries,5,4478.7,11.6,UPI,51,3.4,19795.85,378.09,20173.94
ORD1223,2025-03-31,Bengaluru,Beauty,7,24025.4,28.9,Net Banking,28,4.3,119574.42,435.6,120010.02
ORD1224,2025-05-27,Kolkata,Electronics,1,10485.3,7.5,Cash on Delivery,62,4.1,9698.9,279.99,9978.89
ORD1225,2025-05-28,Bengaluru,Sports,3,21179.2,4.0,Cash on Delivery,64,2.5,60996.1,401.03,61397.13
ORD1226,2025-04-06,Ahmedabad,Books,2,15774.81,12.6,Debit Card,29,3.2,27574.37,169.49,27743.86
ORD1227,2025-02-21,Chennai,Books,3,18423.45,23.7,UPI,38,4.2,42171.28,284.44,42455.72
ORD1228,2025-06-10,Mumbai,Clothing,7,19227.94,17.5,UPI,28,1.2,111041.35,192.26,111233.61
ORD1229,2025-06-17,Mumbai,Sports,5,12695.4,20.4,Net Banking,56,4.2,50527.69,224.67,50752.36
ORD1230,2025-05-08,Mumbai,Furniture,2,13651.02,5.7,Cash on Delivery,45,1.7,25745.82,374.23,26120.05
ORD1231,2025-02-08,Mumbai,Sports,7,12922.8,18.6,Credit Card,22,,73634.11,444.38,74078.49
ORD1232,2025-03-23,Mumbai,Beauty,6,14763.25,9.7,UPI,34,4.2,79987.29,87.1,80074.39
ORD1233,2025-04-14,Pune,Electronics,4,880.45,25.0,UPI,37,2.0,2641.35,328.28,2969.63
ORD1234,2025-05-09,Hyderabad,Electronics,7,9978.55,18.9,UPI,58,2.0,56648.23,303.61,56951.84
ORD1235,2025-01-11,Kolkata,Beauty,3,15213.79,6.0,Net Banking,63,2.6,42902.89,85.66,42988.55
ORD1236,2025-06-27,Jaipur,Sports,2,15003.43,1.9,Credit Card,29,4.6,29436.73,129.59,29566.32
ORD1237,2025-05-31,Chennai,Beauty,3,19854.96,1.3,Cash on Delivery,23,1.0,58790.54,176.17,58966.71
ORD1238,2025-06-08,Pune,Groceries,2,16426.98,11.1,Net Banking,34,4.6,29207.17,108.46,29315.63
ORD1239,2025-02-11,Kolkata,Toys,7,24804.51,8.0,UPI,36,1.6,159741.04,144.55,159885.59
ORD1240,2025-04-09,Bengaluru,Beauty,1,7203.79,19.4,Debit Card,43,5.0,5806.25,155.77,5962.02
ORD1241,2025-01-07,Delhi,Books,6,9074.9,15.0,Credit Card,61,4.8,46281.99,187.77,46469.76
ORD1242,2025-05-24,Delhi,Beauty,7,9688.6,8.0,Debit Card,61,3.0,62394.58,382.21,62776.79
ORD1243,2025-03-31,Delhi,Electronics,3,11725.45,4.5,Net Banking,49,3.1,33593.41,298.8,33892.21
ORD1244,2025-04-22,Delhi,Books,4,20924.55,3.8,Net Banking,23,2.9,80517.67,493.54,81011.21
ORD1245,2025-03-01,Delhi,Electronics,4,6009.43,25.9,Net Banking,53,3.5,17811.95,224.93,18036.88
ORD1246,2025-04-23,Ahmedabad,Clothing,5,19433.61,7.3,UPI,55,1.4,90074.78,384.32,90459.1
ORD1247,2025-01-02,Kolkata,Furniture,2,10221.96,,UPI,28,1.1,16436.91,439.59,16876.5
ORD1248,2025-05-09,Mumbai,Electronics,3,15106.11,24.3,Net Banking,50,1.2,34305.98,349.12,34655.1
ORD1249,2025-02-17,Delhi,Books,5,15868.63,18.4,UPI,41,2.8,64744.01,223.58,64967.59
ORD1250,2025-05-20,Mumbai,Clothing,3,9415.29,25.8,UPI,40,2.1,20958.44,384.19,21342.63
ORD1251,2025-02-06,Hyderabad,Electronics,2,12888.49,11.8,UPI,32,3.5,22735.3,125.72,22861.02
ORD1252,2025-06-09,Hyderabad,Groceries,7,10413.82,28.7,Debit Card,44,5.0,51975.38,183.95,52159.33
ORD1253,2025-01-09,Ahmedabad,Beauty,7,1867.95,,UPI,28,2.5,12552.62,286.94,12839.56
ORD1254,2025-04-09,Bengaluru,Furniture,4,11013.56,3.1,Debit Card,34,,42688.56,300.44,42989.0
ORD1255,2025-05-27,Kolkata,Electronics,7,2570.23,19.8,Cash on Delivery,31,2.7,14429.27,40.41,14469.68
ORD1256,2025-02-17,Lucknow,Clothing,7,10214.77,,UPI,44,4.4,51267.93,474.2,51742.13
ORD1257,2025-05-11,Mumbai,Groceries,1,14884.02,24.3,UPI,35,4.6,11267.2,357.41,11624.61
ORD1258,2025-05-28,Kolkata,Sports,4,14548.46,2.3,UPI,45,4.5,56855.38,262.98,57118.36
ORD1259,2025-06-01,Chennai,Clothing,5,16616.14,8.4,Cash on Delivery,64,4.9,76101.92,468.57,76570.49
ORD1260,2025-02-23,Hyderabad,Beauty,6,2517.25,27.9,UPI,64,1.1,10889.62,236.37,11125.99
ORD1261,2025-04-30,Bengaluru,Clothing,1,16355.26,7.6,Credit Card,21,4.4,15112.26,490.8,15603.06
ORD1262,2025-06-10,Kolkata,Groceries,5,7906.88,23.4,UPI,24,4.0,30283.35,270.77,30554.12
ORD1263,2025-06-01,Chennai,Clothing,2,10066.29,,Net Banking,62,1.9,15139.7,83.71,15223.41
ORD1264,2025-04-26,Kolkata,Groceries,1,21470.96,14.9,Credit Card,52,4.8,18271.79,389.46,18661.25
ORD1265,2025-03-16,Jaipur,Electronics,5,374.41,11.6,Net Banking,26,1.6,1654.89,349.08,2003.97
ORD1266,2025-04-23,Chennai,Toys,2,14772.05,13.5,Cash on Delivery,25,3.7,25555.65,393.3,25948.95
ORD1267,2025-06-13,Lucknow,Groceries,4,15028.04,6.8,UPI,62,1.9,56024.53,477.18,56501.71
ORD1268,2025-06-15,Chennai,Groceries,6,10007.0,26.7,Net Banking,34,2.7,44010.79,394.95,44405.74
ORD1269,2025-04-14,Chennai,Furniture,2,6040.14,13.5,UPI,34,3.9,10449.44,317.33,10766.77
ORD1270,2025-03-25,Chennai,Groceries,7,5981.65,26.5,Cash on Delivery,50,3.3,30775.59,432.94,31208.53
ORD1271,2025-04-22,Mumbai,Groceries,3,22110.19,3.2,Debit Card,49,2.7,64207.99,346.43,64554.42
ORD1272,2025-04-09,Pune,Sports,2,11134.31,29.6,Cash on Delivery,25,2.3,15677.11,221.82,15898.93
ORD1273,2025-06-02,Chennai,Toys,2,8372.6,13.3,UPI,36,4.4,14518.09,446.24,14964.33
ORD1274,2025-04-03,Hyderabad,Electronics,6,11302.12,1.4,UPI,55,1.6,66863.34,134.29,66997.63
ORD1275,2025-05-26,Jaipur,Beauty,3,16784.35,1.1,Credit Card,20,2.7,49799.17,365.88,50165.05
ORD1276,2025-05-08,Delhi,Furniture,7,3772.05,22.4,Credit Card,22,4.6,20489.78,444.33,20934.11
ORD1277,2025-04-20,Hyderabad,Sports,5,11318.43,19.8,UPI,30,4.4,45386.9,373.72,45760.62
ORD1278,2025-03-23,Pune,Books,5,14758.93,24.1,Credit Card,64,,56010.14,357.72,56367.86
ORD1279,2025-02-23,Kolkata,Toys,2,23722.3,3.2,UPI,63,4.1,45926.37,383.74,46310.11
ORD1280,2025-06-12,Hyderabad,Electronics,3,6425.32,1.1,Credit Card,48,4.3,19063.92,248.58,19312.5
ORD1281,2025-06-18,Ahmedabad,Electronics,3,9077.38,15.3,Net Banking,33,4.6,23065.62,440.86,23506.48
ORD1282,2025-06-10,Kolkata,Books,7,9577.06,11.6,Credit Card,49,3.2,59262.85,125.62,59388.47
ORD1283,2025-03-09,Mumbai,Beauty,6,15197.62,13.9,UPI,39,1.8,78510.9,89.87,78600.77
ORD1284,2025-02-02,Mumbai,Groceries,4,9014.79,29.7,Credit Card,46,,25349.59,164.19,25513.78
ORD1285,2025-05-22,Chennai,Sports,5,13407.77,,UPI,39,,47530.54,279.84,47810.38
ORD1286,2025-01-21,Bengaluru,Clothing,6,19577.49,28.3,Cash on Delivery,60,3.4,84222.36,269.96,84492.32
ORD1287,2025-02-17,Delhi,Furniture,1,17678.83,23.5,UPI,20,1.1,13524.3,415.68,13939.98
ORD1288,2025-05-28,Chennai,Clothing,5,11242.26,10.6,Net Banking,27,3.5,50252.9,220.15,50473.05
ORD1289,2025-05-08,Bengaluru,Books,6,21625.77,12.4,Cash on Delivery,59,2.5,113665.05,257.64,113922.69
ORD1290,2025-05-16,Hyderabad,Electronics,5,14019.79,16.5,Net Banking,38,2.2,58532.62,36.28,58568.9
ORD1291,2025-05-15,Hyderabad,Beauty,4,13566.66,24.9,Debit Card,33,4.5,40754.25,222.58,40976.83
ORD1292,2025-05-25,Chennai,Electronics,1,999.57,2.1,Net Banking,29,2.8,978.58,334.45,1313.03
ORD1293,2025-05-08,Bengaluru,Furniture,4,24669.32,12.7,Cash on Delivery,19,1.4,86145.27,37.29,86182.56
ORD1294,2025-02-02,Pune,Electronics,7,3205.82,2.5,Debit Card,58,4.3,21879.72,162.01,22041.73
ORD1295,2025-06-25,Delhi,Electronics,1,5893.6,15.4,Debit Card,41,1.2,4985.99,127.74,5113.73
ORD1296,2025-04-25,Pune,Furniture,2,1434.67,27.0,Debit Card,52,3.9,2094.62,49.73,2144.35
ORD1297,2025-04-29,Bengaluru,Sports,6,16054.07,23.5,Credit Card,47,4.1,73688.18,255.25,73943.43
ORD1298,2025-01-22,Ahmedabad,Sports,1,5733.82,6.8,Debit Card,47,2.4,5343.92,115.41,5459.33
ORD1299,2025-06-07,Hyderabad,Furniture,7,4623.26,29.3,Credit Card,64,4.3,22880.51,379.25,23259.76
ORD1300,2025-02-07,Lucknow,Beauty,7,2350.61,20.0,UPI,52,3.1,13163.42,428.53,13591.95
ORD1301,2025-04-19,Chennai,Books,4,2717.23,0.3,UPI,36,2.9,10836.31,286.43,11122.74
ORD1302,2025-02-20,Delhi,Toys,5,14679.07,7.7,UPI,25,1.2,67743.91,491.4,68235.31
ORD1303,2025-01-08,Ahmedabad,Electronics,1,17251.97,7.8,UPI,43,2.2,15906.32,241.72,16148.04
ORD1304,2025-01-27,Bengaluru,Beauty,6,10024.87,2.1,UPI,57,4.7,58886.09,271.28,59157.37
ORD1305,2025-01-27,Bengaluru,Electronics,1,12075.44,28.8,Debit Card,24,2.6,8597.71,494.93,9092.64
ORD1306,2025-01-21,Mumbai,Toys,3,17196.3,14.3,UPI,47,3.2,44211.69,138.83,44350.52
ORD1307,2025-01-30,Chennai,Books,5,581.89,26.9,Net Banking,24,3.1,2126.81,473.0,2599.81
ORD1308,2025-04-07,Hyderabad,Sports,6,8179.8,9.7,UPI,20,3.4,44318.16,50.13,44368.29
ORD1309,2025-01-28,Bengaluru,Beauty,6,24331.48,3.8,UPI,18,1.2,140441.3,239.8,140681.1
ORD1310,2025-04-21,Jaipur,Groceries,2,14565.79,14.2,Net Banking,53,2.4,24994.9,62.9,25057.8
ORD1311,2025-03-02,Mumbai,Groceries,4,6467.48,3.4,Debit Card,42,3.9,24990.34,372.74,25363.08
ORD1312,2025-02-17,Bengaluru,Toys,2,13114.99,14.6,UPI,54,1.8,22400.4,315.95,22716.35
ORD1313,2025-05-27,Bengaluru,Groceries,6,8664.94,27.6,Cash on Delivery,18,1.8,37640.5,362.12,38002.62
ORD1314,2025-01-04,Mumbai,Sports,5,13376.29,15.6,Cash on Delivery,32,1.0,56447.94,206.01,56653.95
ORD1315,2025-02-04,Hyderabad,Toys,1,3274.68,18.5,UPI,54,2.7,2668.86,203.66,2872.52
ORD1316,2025-02-18,Pune,Sports,1,3447.96,4.7,UPI,30,4.5,3285.91,51.3,3337.21
ORD1317,2025-01-17,Hyderabad,Books,5,3717.03,1.3,Cash on Delivery,57,1.2,18343.54,194.47,18538.01
ORD1318,2025-06-21,Mumbai,Electronics,6,23504.52,3.3,Debit Card,25,1.8,136373.23,466.77,136840.0
ORD1319,2025-06-07,Bengaluru,Books,7,18362.54,18.0,Credit Card,22,2.2,105400.98,208.24,105609.22
ORD1320,2025-02-15,Mumbai,Books,1,4185.19,2.9,Net Banking,26,3.9,4063.82,420.74,4484.56
ORD1321,2025-04-27,Ahmedabad,Sports,7,4830.47,,UPI,18,3.6,29992.39,425.89,30418.28
ORD1322,2025-01-06,Mumbai,Toys,1,18311.11,16.5,Credit Card,53,2.7,15289.78,205.42,15495.2
ORD1323,2025-04-09,Chennai,Toys,1,4030.67,11.7,UPI,52,4.0,3559.08,327.03,3886.11
ORD1324,2025-05-04,Lucknow,Groceries,4,5978.85,4.9,Net Banking,19,3.4,22743.55,74.82,22818.37
ORD1325,2025-02-06,Hyderabad,Clothing,4,24089.17,8.2,Debit Card,57,,88455.43,78.73,88534.16
ORD1326,2025-01-24,Jaipur,Electronics,3,6494.37,27.8,Debit Card,40,4.3,14066.81,52.87,14119.68
ORD1327,2025-04-03,Delhi,Sports,2,16591.56,20.3,UPI,26,2.0,26446.95,303.08,26750.03
ORD1328,2025-02-15,Kolkata,Groceries,5,24468.99,,UPI,51,2.1,104115.55,230.25,104345.8
ORD1329,2025-04-05,Hyderabad,Beauty,5,9451.27,0.4,Credit Card,63,1.5,47067.32,287.58,47354.9
ORD1330,2025-04-09,Pune,Clothing,5,585.27,29.8,Net Banking,31,2.3,2054.3,274.9,2329.2
ORD1331,2025-04-26,Mumbai,Clothing,3,6217.06,20.1,Credit Card,21,5.0,14902.29,194.6,15096.89
ORD1332,2025-06-09,Mumbai,Sports,4,20797.3,9.5,UPI,47,2.6,75286.23,348.41,75634.64
ORD1333,2025-06-10,Mumbai,Furniture,6,21635.53,26.4,Cash on Delivery,48,1.9,95542.5,386.5,95929.0
ORD1334,2025-03-08,Pune,Electronics,7,19247.71,7.8,UPI,55,4.0,124224.72,36.88,124261.6
ORD1335,2025-05-08,Ahmedabad,Clothing,7,2960.78,16.3,Cash on Delivery,28,3.2,17347.21,127.4,17474.61
ORD1336,2025-01-18,Kolkata,Sports,6,19918.43,19.1,UPI,52,1.6,96684.06,365.22,97049.28
ORD1337,2025-01-25,Mumbai,Sports,3,22979.14,6.6,Debit Card,25,2.5,64387.55,211.71,64599.26
ORD1338,2025-02-23,Ahmedabad,Groceries,6,15075.15,29.4,UPI,20,2.7,63858.34,341.37,64199.71
ORD1339,2025-02-27,Bengaluru,Beauty,5,23530.75,22.4,Cash on Delivery,31,4.0,91299.31,193.07,91492.38
ORD1340,2025-03-08,Bengaluru,Furniture,2,20696.95,16.7,Credit Card,30,1.1,34481.12,213.65,34694.77
ORD1341,2025-04-14,Mumbai,Electronics,1,16724.24,5.4,UPI,62,2.1,15821.13,104.58,15925.71
ORD1342,2025-06-23,Kolkata,Toys,7,14493.05,1.6,UPI,49,3.1,99828.13,151.37,99979.5
ORD1343,2025-01-24,Delhi,Books,4,8812.06,9.6,UPI,51,2.1,31864.41,314.54,32178.95
ORD1344,2025-04-24,Chennai,Beauty,4,4108.29,22.6,UPI,62,3.5,12719.27,233.59,12952.86
ORD1345,2025-02-01,Ahmedabad,Beauty,3,15183.1,8.1,Cash on Delivery,36,2.9,41859.81,393.92,42253.73
ORD1346,2025-06-24,Mumbai,Groceries,4,8055.07,16.2,Credit Card,55,2.4,27000.59,430.71,27431.3
ORD1347,2025-03-27,Hyderabad,Toys,5,21681.0,21.8,Net Banking,33,4.8,84772.71,284.57,85057.28
ORD1348,2025-05-31,Delhi,Clothing,7,24834.42,3.2,Debit Card,19,3.5,168278.03,386.39,168664.42
ORD1349,2025-05-07,Bengaluru,Clothing,6,18847.83,20.6,Debit Card,57,1.5,89791.06,174.25,89965.31
ORD1350,2025-06-04,Hyderabad,Groceries,5,2398.47,2.8,UPI,34,3.2,11656.56,225.04,11881.6
ORD1351,2025-05-10,Bengaluru,Sports,3,7323.84,29.0,UPI,51,4.1,15599.78,365.01,15964.79
ORD1352,2025-01-17,Pune,Clothing,5,2861.37,14.7,Net Banking,59,,12203.74,211.52,12415.26
ORD1353,2025-04-14,Hyderabad,Furniture,6,16315.21,4.5,Cash on Delivery,33,1.7,93486.15,306.6,93792.75
ORD1354,2025-06-10,Chennai,Electronics,2,19164.99,10.3,UPI,55,4.9,34381.99,117.13,34499.12
ORD1355,2025-05-17,Kolkata,Beauty,3,23153.02,12.4,UPI,19,2.8,60846.14,311.89,61158.03
ORD1356,2025-02-12,Chennai,Beauty,2,11038.58,22.7,Credit Card,19,1.6,17065.64,434.91,17500.55
ORD1357,2025-06-25,Chennai,Furniture,1,22549.18,22.3,Cash on Delivery,43,1.7,17520.71,438.26,17958.97
ORD1358,2025-02-08,Chennai,Toys,2,21965.6,18.4,UPI,30,1.4,35847.86,370.44,36218.3
ORD1359,2025-06-19,Bengaluru,Clothing,1,8032.31,3.2,Credit Card,64,4.2,7775.28,380.5,8155.78
ORD1360,2025-01-26,Bengaluru,Beauty,1,21742.18,4.5,Cash on Delivery,48,1.5,20763.78,292.23,21056.01
ORD1361,2025-04-09,Jaipur,Books,2,9485.46,2.8,UPI,51,1.5,18439.73,304.79,18744.52
ORD1362,2025-02-19,Chennai,Toys,3,7527.2,17.3,UPI,56,4.4,18674.98,92.82,18767.8
ORD1363,2025-06-02,Delhi,Electronics,6,16279.51,26.3,Debit Card,20,2.4,71987.99,238.61,72226.6
ORD1364,2025-06-01,Hyderabad,Electronics,5,8310.27,13.0,Cash on Delivery,25,1.1,36149.67,241.86,36391.53
ORD1365,2025-01-13,Bengaluru,Beauty,5,15810.69,,UPI,40,1.2,75258.88,480.49,75739.37
ORD1366,2025-03-01,Jaipur,Groceries,6,15304.32,16.7,Credit Card,31,1.6,76490.99,232.61,76723.6
ORD1367,2025-05-15,Mumbai,Toys,7,14151.46,24.4,Credit Card,44,,74889.53,288.19,75177.72
ORD1368,2025-02-26,Delhi,Beauty,7,9603.43,22.3,Credit Card,46,3.7,52233.06,280.63,52513.69
ORD1369,2025-02-05,Bengaluru,Groceries,1,13780.22,26.4,Debit Card,56,1.6,10142.24,329.28,10471.52
ORD1370,2025-06-22,Hyderabad,Beauty,1,14972.66,8.3,Credit Card,56,1.5,13729.93,381.67,14111.6
ORD1371,2025-01-20,Ahmedabad,Books,3,13710.32,5.8,Credit Card,18,4.1,38745.36,135.77,38881.13
ORD1372,2025-03-06,Mumbai,Toys,4,11193.82,26.4,Credit Card,34,3.7,32954.61,278.5,33233.11
ORD1373,2025-01-08,Kolkata,Sports,2,514.48,19.7,Debit Card,58,2.7,826.25,418.18,1244.43
ORD1374,2025-05-24,Mumbai,Electronics,1,14738.48,9.3,Credit Card,47,3.2,13367.8,247.66,13615.46
ORD1375,2025-05-22,Ahmedabad,Beauty,5,4335.84,22.3,Cash on Delivery,30,2.2,16844.74,160.88,17005.62
ORD1376,2025-04-25,Mumbai,Books,3,16118.01,24.5,UPI,38,2.9,36507.29,337.71,36845.0
ORD1377,2025-05-23,Mumbai,Groceries,2,19019.71,18.4,Net Banking,36,3.0,31040.17,417.17,31457.34
ORD1378,2025-04-02,Pune,Groceries,3,12586.07,20.6,Net Banking,36,2.5,29980.02,59.68,30039.7
ORD1379,2025-04-08,Lucknow,Electronics,2,13627.74,11.3,UPI,42,4.6,24175.61,395.09,24570.7
ORD1380,2025-03-07,Jaipur,Furniture,2,23794.24,16.2,Credit Card,39,1.1,39879.15,416.17,40295.32
ORD1381,2025-02-01,Chennai,Beauty,6,21202.11,15.7,Credit Card,48,4.1,107240.27,246.92,107487.19
ORD1382,2025-03-27,Jaipur,Toys,1,22868.78,,UPI,34,1.5,17060.11,492.15,17552.26
ORD1383,2025-02-20,Mumbai,Clothing,3,20372.09,25.2,Credit Card,40,,45714.97,399.75,46114.72
ORD1384,2025-06-02,Lucknow,Groceries,3,2856.62,25.0,UPI,49,3.5,6427.4,393.62,6821.02
ORD1385,2025-03-04,Hyderabad,Toys,6,3852.45,0.3,UPI,27,4.4,23045.36,381.48,23426.84
ORD1386,2025-05-05,Pune,Toys,5,13236.6,22.5,Net Banking,27,1.4,51291.82,100.79,51392.61
ORD1387,2025-05-30,Ahmedabad,Sports,5,6264.83,22.8,UPI,53,3.2,24182.24,132.1,24314.34
ORD1388,2025-02-27,Pune,Toys,7,11995.88,20.4,Net Banking,25,3.0,66841.04,248.08,67089.12
ORD1389,2025-02-27,Hyderabad,Toys,1,9949.98,22.7,Credit Card,37,3.8,7691.33,154.08,7845.41
ORD1390,2025-03-27,Hyderabad,Sports,1,13802.94,25.3,Cash on Delivery,49,3.1,10310.8,225.16,10535.96
ORD1391,2025-02-18,Ahmedabad,Groceries,4,18709.86,14.1,Debit Card,31,3.2,64287.08,447.58,64734.66
ORD1392,2025-06-29,Delhi,Toys,6,17929.95,15.1,UPI,45,2.7,91335.17,417.43,91752.6
ORD1393,2025-06-19,Lucknow,Furniture,5,13102.67,3.7,Debit Card,63,2.2,63089.36,326.12,63415.48
ORD1394,2025-03-11,Pune,Furniture,2,20586.48,11.6,UPI,41,2.9,36396.9,433.32,36830.22
ORD1395,2025-01-15,Delhi,Books,3,10856.92,19.3,Credit Card,32,1.5,26284.6,398.37,26682.97
ORD1396,2025-02-23,Kolkata,Sports,1,22433.35,23.4,Cash on Delivery,39,4.8,17183.95,231.62,17415.57
ORD1397,2025-04-11,Hyderabad,Books,3,1921.31,6.5,UPI,47,3.9,5389.27,124.5,5513.77
ORD1398,2025-01-08,Pune,Sports,3,23873.3,4.1,Credit Card,21,4.8,68683.48,271.67,68955.15
ORD1399,2025-02-22,Kolkata,Beauty,4,16419.12,19.9,Net Banking,30,1.9,52606.86,376.03,52982.89
